[
	{
		"name": "Recommended Colors",
		"desc": "Warm at sunset, with a candle before bed",
		"day": 6500,
		"night": 3400,
		"late": 1900
	},
	{
		"name": "Reduce Eyestrain",
		"desc": "Reduce eyestrain, day and night",
		"day": 5900,
		"night": 3600,
		"late": 2400
	},
	{
		"name": "Working Late",
		"desc": "Bright after sunset, and wind down for bed",
		"day": 6500,
		"night": 6500,
		"late": 2300
	},
	{
		"name": "Far from the Equator",
		"desc": "A tinge of sunset, with a candle at bedtime",
		"day": 6500,
		"night": 5500,
		"late": 1900
	},
	{
		"name": "Classic f.lux",
		"desc": "Warm at sunset, and all night too",
		"day": 6500,
		"night": 3400,
		"late": 3400
	},
	{
		"name": "Cave Painting",
		"desc": "Extra-warm light all the time",
		"day": 2700,
		"night": 2300,
		"late": 1500
	},
	{
		"name": "Color Fidelity",
		"desc": "Smaller adjustments, better for color accuracy",
		"day": 6500,
		"night": 5000,
		"late": 3400
	}
]
